{"cameraMode":{"drawMode":0,"name":"Shaded","section":"Shading Mode"},"sceneLighting":false,"audioPlay":false,"sceneViewState":{"showFog":true,"showMaterialUpdate":false,"showSkybox":true,"showFlares":true,"showImageEffects":true,"showParticleSystems":true},"in2DMode":false,"pivot":{"x":-10.418781280517579,"y":-5.043214321136475,"z":7.024123668670654},"rotation":{"x":0.18688657879829408,"y":-0.4591045379638672,"z":0.09944480657577515,"w":0.8627992272377014},"size":13.135574340820313,"orthographic":false}