{"cameraMode":{"drawMode":0,"name":"Shaded","section":"Shading Mode"},"sceneLighting":false,"audioPlay":false,"sceneViewState":{"showFog":true,"showMaterialUpdate":false,"showSkybox":true,"showFlares":true,"showImageEffects":true,"showParticleSystems":true},"in2DMode":false,"pivot":{"x":0.41268524527549746,"y":0.3498133420944214,"z":0.36355552077293398},"rotation":{"x":0.10796182602643967,"y":0.8351285457611084,"z":-0.17696237564086915,"w":0.5094980597496033},"size":0.9068276286125183,"orthographic":false}