{"cameraMode":{"drawMode":0,"name":"Shaded","section":"Shading Mode"},"sceneLighting":false,"audioPlay":false,"sceneViewState":{"showFog":true,"showMaterialUpdate":false,"showSkybox":true,"showFlares":true,"showImageEffects":true,"showParticleSystems":true},"in2DMode":false,"pivot":{"x":-7.460933685302734,"y":9.890000343322754,"z":21.679000854492189},"rotation":{"x":0.13692834973335267,"y":0.14652831852436067,"z":-0.02048206888139248,"w":0.9794715642929077},"size":5.726922035217285,"orthographic":false}