{"cameraMode":{"drawMode":0,"name":"Shaded","section":"Shading Mode"},"sceneLighting":false,"audioPlay":false,"sceneViewState":{"showFog":true,"showMaterialUpdate":false,"showSkybox":true,"showFlares":true,"showImageEffects":true,"showParticleSystems":true},"in2DMode":false,"pivot":{"x":5.54610538482666,"y":1.0274317264556885,"z":-3.972665786743164},"rotation":{"x":-0.013200233690440655,"y":0.8953022360801697,"z":0.026589777320623399,"w":0.4444698393344879},"size":9.135932922363282,"orthographic":false}