{"cameraMode":{"drawMode":0,"name":"Shaded","section":"Shading Mode"},"sceneLighting":false,"audioPlay":false,"sceneViewState":{"showFog":false,"showMaterialUpdate":false,"showSkybox":false,"showFlares":false,"showImageEffects":false,"showParticleSystems":false},"in2DMode":false,"pivot":{"x":0.052140384912490848,"y":0.5468618273735046,"z":4.153192520141602},"rotation":{"x":0.059140413999557498,"y":0.8846474289894104,"z":-0.1169130727648735,"w":0.447478324174881},"size":0.33716171979904177,"orthographic":false}