{"cameraMode":{"drawMode":0,"name":"Shaded","section":"Shading Mode"},"sceneLighting":false,"audioPlay":false,"sceneViewState":{"showFog":true,"showMaterialUpdate":false,"showSkybox":true,"showFlares":true,"showImageEffects":true,"showParticleSystems":true},"in2DMode":false,"pivot":{"x":-0.42200136184692385,"y":-3.146409511566162,"z":2.056382894515991},"rotation":{"x":-0.15619970858097077,"y":0.5477245450019836,"z":-0.10494650900363922,"w":-0.8152217268943787},"size":7.382469654083252,"orthographic":false}