{"cameraMode":{"drawMode":0,"name":"Shaded","section":"Shading Mode"},"sceneLighting":false,"audioPlay":false,"sceneViewState":{"showFog":true,"showMaterialUpdate":false,"showSkybox":true,"showFlares":true,"showImageEffects":true,"showParticleSystems":true},"in2DMode":false,"pivot":{"x":-0.20972013473510743,"y":0.5499999523162842,"z":1.2519601583480836},"rotation":{"x":0.001346869976259768,"y":0.9985811710357666,"z":0.04315592721104622,"w":-0.03116498701274395},"size":20.84540367126465,"orthographic":false}