{"cameraMode":{"drawMode":0,"name":"Shaded","section":"Shading Mode"},"sceneLighting":false,"audioPlay":false,"sceneViewState":{"showFog":true,"showMaterialUpdate":false,"showSkybox":true,"showFlares":true,"showImageEffects":true,"showParticleSystems":true},"in2DMode":false,"pivot":{"x":-1.051804780960083,"y":4.569024562835693,"z":12.246642112731934},"rotation":{"x":0.1748812198638916,"y":0.8238207697868347,"z":-0.35493892431259158,"w":0.4059077203273773},"size":0.6669045686721802,"orthographic":false}