{"cameraMode":{"drawMode":0,"name":"Shaded","section":"Shading Mode"},"sceneLighting":false,"audioPlay":false,"sceneViewState":{"showFog":true,"showMaterialUpdate":false,"showSkybox":true,"showFlares":true,"showImageEffects":true,"showParticleSystems":true},"in2DMode":false,"pivot":{"x":1.786034345626831,"y":-2.323737382888794,"z":-10.649130821228028},"rotation":{"x":0.13468584418296815,"y":-0.8291772603988648,"z":-0.22652651369571687,"w":-0.4929759204387665},"size":5.966492652893066,"orthographic":false}