{"cameraMode":{"drawMode":0,"name":"Shaded","section":"Shading Mode"},"sceneLighting":false,"audioPlay":false,"sceneViewState":{"showFog":true,"showMaterialUpdate":false,"showSkybox":true,"showFlares":true,"showImageEffects":true,"showParticleSystems":true},"in2DMode":false,"pivot":{"x":3.741687536239624,"y":-0.7620673775672913,"z":1.8048804998397828},"rotation":{"x":0.05829338729381561,"y":0.48839014768600466,"z":-0.03271890804171562,"w":0.8700636625289917},"size":7.1813249588012699,"orthographic":false}