{"cameraMode":{"drawMode":0,"name":"Shaded","section":"Shading Mode"},"sceneLighting":false,"audioPlay":false,"sceneViewState":{"showFog":true,"showMaterialUpdate":false,"showSkybox":true,"showFlares":true,"showImageEffects":true,"showParticleSystems":true},"in2DMode":false,"pivot":{"x":0.40683886408805849,"y":-0.06589299440383911,"z":0.5157062411308289},"rotation":{"x":0.04311215877532959,"y":0.23746706545352937,"z":-0.010545867495238781,"w":0.9703832864761353},"size":2.6872775554656984,"orthographic":false}