{"cameraMode":{"drawMode":0,"name":"Shaded","section":"Shading Mode"},"sceneLighting":false,"audioPlay":false,"sceneViewState":{"showFog":true,"showMaterialUpdate":false,"showSkybox":true,"showFlares":true,"showImageEffects":true,"showParticleSystems":true},"in2DMode":false,"pivot":{"x":0.04416994750499725,"y":0.00313451886177063,"z":0.0007635354995727539},"rotation":{"x":0.03085537999868393,"y":0.04945617914199829,"z":-0.0015284952241927386,"w":0.9982985258102417},"size":0.8173077702522278,"orthographic":false}