{"cameraMode":{"drawMode":0,"name":"Shaded","section":"Shading Mode"},"sceneLighting":false,"audioPlay":false,"sceneViewState":{"showFog":true,"showMaterialUpdate":false,"showSkybox":true,"showFlares":true,"showImageEffects":true,"showParticleSystems":true},"in2DMode":false,"pivot":{"x":0.02262769639492035,"y":0.8625352382659912,"z":0.008915901184082032},"rotation":{"x":0.014318321831524372,"y":0.9845033884048462,"z":0.09689264744520188,"w":-0.1454748809337616},"size":1.885932445526123,"orthographic":false}