{"cameraMode":{"drawMode":0,"name":"Shaded","section":"Shading Mode"},"sceneLighting":false,"audioPlay":false,"sceneViewState":{"showFog":true,"showMaterialUpdate":false,"showSkybox":true,"showFlares":true,"showImageEffects":true,"showParticleSystems":true},"in2DMode":false,"pivot":{"x":-0.10980178415775299,"y":-0.021775715053081514,"z":0.34985238313674929},"rotation":{"x":-0.0830286368727684,"y":0.8220696449279785,"z":-0.12423913180828095,"w":-0.5494338274002075},"size":1.259840965270996,"orthographic":false}