{"cameraMode":{"drawMode":0,"name":"Shaded","section":"Shading Mode"},"sceneLighting":false,"audioPlay":false,"sceneViewState":{"showFog":true,"showMaterialUpdate":false,"showSkybox":true,"showFlares":true,"showImageEffects":true,"showParticleSystems":true},"in2DMode":false,"pivot":{"x":-0.01539301872253418,"y":0.8879895210266113,"z":0.1848844289779663},"rotation":{"x":-0.011605997569859028,"y":0.11969926953315735,"z":0.00139929773285985,"w":0.9927421808242798},"size":2.2223429679870607,"orthographic":false}