{"cameraMode":{"drawMode":0,"name":"Shaded","section":"Shading Mode"},"sceneLighting":false,"audioPlay":false,"sceneViewState":{"showFog":true,"showMaterialUpdate":false,"showSkybox":true,"showFlares":true,"showImageEffects":true,"showParticleSystems":true},"in2DMode":false,"pivot":{"x":-10.562155723571778,"y":-0.7555489540100098,"z":-11.911895751953125},"rotation":{"x":-0.09497908502817154,"y":0.8113905191421509,"z":-0.1376064121723175,"w":-0.56008380651474},"size":9.537174224853516,"orthographic":false}