{"cameraMode":{"drawMode":0,"name":"Shaded","section":"Shading Mode"},"sceneLighting":false,"audioPlay":false,"sceneViewState":{"showFog":false,"showMaterialUpdate":false,"showSkybox":false,"showFlares":false,"showImageEffects":false,"showParticleSystems":false},"in2DMode":false,"pivot":{"x":-0.06590557098388672,"y":-0.27937841415405276,"z":-5.594577312469482},"rotation":{"x":0.1697719544172287,"y":0.7581896185874939,"z":-0.2179354429244995,"w":0.5906219482421875},"size":14.65450382232666,"orthographic":false}