{"cameraMode":{"drawMode":0,"name":"Shaded","section":"Shading Mode"},"sceneLighting":false,"audioPlay":false,"sceneViewState":{"showFog":true,"showMaterialUpdate":false,"showSkybox":true,"showFlares":true,"showImageEffects":true,"showParticleSystems":true},"in2DMode":false,"pivot":{"x":-12.9038667678833,"y":16.968700408935548,"z":-5.275199890136719},"rotation":{"x":0.03451957553625107,"y":0.8886663317680359,"z":0.06783915311098099,"w":-0.45219430327415469},"size":16.037416458129884,"orthographic":false}