{"cameraMode":{"drawMode":0,"name":"Shaded","section":"Shading Mode"},"sceneLighting":false,"audioPlay":false,"sceneViewState":{"showFog":false,"showMaterialUpdate":false,"showSkybox":false,"showFlares":false,"showImageEffects":false,"showParticleSystems":false},"in2DMode":false,"pivot":{"x":0.05574653670191765,"y":-0.13949283957481385,"z":0.6696223020553589},"rotation":{"x":-0.09312538802623749,"y":-0.0322563610970974,"z":0.003018575254827738,"w":-0.9951270222663879},"size":1.301983118057251,"orthographic":false}