{"cameraMode":{"drawMode":0,"name":"Shaded","section":"Shading Mode"},"sceneLighting":false,"audioPlay":false,"sceneViewState":{"showFog":false,"showMaterialUpdate":false,"showSkybox":false,"showFlares":false,"showImageEffects":false,"showParticleSystems":false},"in2DMode":false,"pivot":{"x":0.45146113634109499,"y":-0.17662018537521363,"z":-0.18310420215129853},"rotation":{"x":0.1378210484981537,"y":0.7671473026275635,"z":-0.175831139087677,"w":0.6013098955154419},"size":1.2000572681427003,"orthographic":false}