{"cameraMode":{"drawMode":0,"name":"Shaded","section":"Shading Mode"},"sceneLighting":false,"audioPlay":false,"sceneViewState":{"showFog":false,"showMaterialUpdate":false,"showSkybox":false,"showFlares":false,"showImageEffects":false,"showParticleSystems":false},"in2DMode":false,"pivot":{"x":8.123255729675293,"y":0.1175769567489624,"z":33.250152587890628},"rotation":{"x":-0.013123377226293087,"y":0.10031793266534805,"z":0.001323303789831698,"w":0.9948680400848389},"size":36.5107536315918,"orthographic":false}